,train_acc_0,train_acc_1,train_precision_0,train_precision_1,train_reccall_0,train_recall_1,train_fscore_0,train_fscore_1,train_mean_acc,train_mean_fscore,train_loss,train_true_negative,train_false_positive,train_false_negative,train_true_positive,val_acc_0,val_acc_1,val_precision_0,val_precision_1,val_reccall_0,val_recall_1,val_fscore_0,val_fscore_1,val_mean_acc,val_mean_fscore,val_loss,val_true_negative,val_false_positive,val_false_negative,val_true_positive
0,0.5058823529411764,0.5647058823529412,0.5486548582136817,0.5315284634761962,0.5058823529411764,0.5647058823529412,0.49914686930384555,0.5274306133182022,0.5352941176470588,0.5132887413110239,0.6919188405953202,258.0,252.0,222.0,288.0,0.2608695652173913,0.3333333333333333,0.42857142857142855,0.19047619047619047,0.2608695652173913,0.3333333333333333,0.3243243243243243,0.24242424242424246,0.2971014492753623,0.2833742833742834,7.5089616775512695,6.0,17.0,8.0,4.0
1,0.6100000000000001,0.5519999999999998,0.5948473193473194,0.5849655312008254,0.6100000000000001,0.5519999999999998,0.5873721562250437,0.5574978654559621,0.581,0.572435010840503,0.666653060913086,305.0,195.0,224.0,276.0,0.8260869565217391,0.25,0.6785714285714286,0.42857142857142855,0.8260869565217391,0.25,0.7450980392156864,0.3157894736842105,0.5380434782608696,0.5304437564499485,9.386378288269043,19.0,4.0,9.0,3.0
2,0.5490196078431373,0.6352941176470589,0.6351709837003957,0.5808641233814247,0.5490196078431373,0.6352941176470589,0.5689292419127012,0.5950318736916833,0.5921568627450982,0.5819805578021923,0.6565120921415442,280.0,230.0,186.0,324.0,0.391304347826087,0.3333333333333333,0.5294117647058824,0.2222222222222222,0.391304347826087,0.3333333333333333,0.45,0.26666666666666666,0.36231884057971014,0.35833333333333334,6.990361213684082,9.0,14.0,8.0,4.0
3,0.5499999999999998,0.6659999999999999,0.6277153402153406,0.6138727269462568,0.5499999999999998,0.6659999999999999,0.5681418249822745,0.6259662585461484,0.6079999999999999,0.5970540417642114,0.6342942428588867,275.0,225.0,167.0,333.0,1.0,0.08333333333333333,0.6764705882352942,1.0,1.0,0.08333333333333333,0.8070175438596492,0.15384615384615385,0.5416666666666666,0.4804318488529015,3.6056885719299316,23.0,0.0,11.0,1.0
4,0.6060000000000002,0.638,0.6702976827094475,0.6166081402257876,0.6060000000000002,0.638,0.6051715094465667,0.6025407552239965,0.6220000000000001,0.6038561323352816,0.6189178466796875,303.0,197.0,181.0,319.0,0.34782608695652173,0.5833333333333334,0.6153846153846154,0.3181818181818182,0.34782608695652173,0.5833333333333334,0.4444444444444444,0.4117647058823529,0.46557971014492755,0.42810457516339867,4.07602071762085,8.0,15.0,5.0,7.0
5,0.6627450980392157,0.6176470588235294,0.6492205330873153,0.6543344167046591,0.6627450980392157,0.6176470588235294,0.6398800279422852,0.6211684847212815,0.6401960784313725,0.6305242563317833,0.5969859478520412,338.0,172.0,195.0,315.0,0.5217391304347826,0.5833333333333334,0.7058823529411765,0.3888888888888889,0.5217391304347826,0.5833333333333334,0.6,0.4666666666666666,0.552536231884058,0.5333333333333333,4.020317077636719,12.0,11.0,5.0,7.0
6,0.6739999999999999,0.618,0.6599191174322755,0.6744155844155845,0.6739999999999999,0.618,0.6495216194783937,0.621230500150005,0.6459999999999999,0.6353760598141993,0.5759451293945312,337.0,163.0,191.0,309.0,0.43478260869565216,0.5833333333333334,0.6666666666666666,0.35,0.43478260869565216,0.5833333333333334,0.5263157894736841,0.4375,0.5090579710144928,0.48190789473684204,6.629849910736084,10.0,13.0,5.0,7.0
7,0.6647058823529413,0.6725490196078432,0.6864187283304932,0.6789493730670201,0.6647058823529413,0.6725490196078432,0.6605716411131201,0.6618674247312811,0.6686274509803922,0.6612195329222006,0.5853796566233915,339.0,171.0,167.0,343.0,0.6086956521739131,0.4166666666666667,0.6666666666666666,0.35714285714285715,0.6086956521739131,0.4166666666666667,0.6363636363636365,0.3846153846153846,0.5126811594202899,0.5104895104895105,3.9079368114471436,14.0,9.0,7.0,5.0
8,0.6479999999999998,0.704,0.705887277754925,0.6903706293706294,0.6479999999999998,0.704,0.6555276417629224,0.6759051316521233,0.6759999999999999,0.6657163867075229,0.5544463348388672,324.0,176.0,148.0,352.0,0.5652173913043478,0.5,0.6842105263157895,0.375,0.5652173913043478,0.5,0.6190476190476191,0.42857142857142855,0.5326086956521738,0.5238095238095238,3.865239143371582,13.0,10.0,6.0,6.0
9,0.7240000000000001,0.6859999999999999,0.7115005256181729,0.7306342546342546,0.7240000000000001,0.6859999999999999,0.7055028102432059,0.6923180723914067,0.7050000000000001,0.6989104413173064,0.5391559219360351,362.0,138.0,157.0,343.0,0.8260869565217391,0.3333333333333333,0.7037037037037037,0.5,0.8260869565217391,0.3333333333333333,0.76,0.4,0.5797101449275363,0.5800000000000001,3.822827100753784,19.0,4.0,8.0,4.0
10,0.7117647058823532,0.7647058823529409,0.7712998330645392,0.7452888070535129,0.7117647058823532,0.7647058823529409,0.7244997784343985,0.74051714419799,0.7382352941176471,0.7325084613161943,0.496728822296741,363.0,147.0,120.0,390.0,0.4782608695652174,0.6666666666666666,0.7333333333333333,0.4,0.4782608695652174,0.6666666666666666,0.5789473684210527,0.5,0.572463768115942,0.5394736842105263,3.905017852783203,11.0,12.0,4.0,8.0
11,0.7080000000000001,0.7180000000000001,0.739351507969155,0.7310204240204243,0.7080000000000001,0.7180000000000001,0.7060684791430386,0.7074629731480587,0.7130000000000001,0.7067657261455487,0.49776538848876956,354.0,146.0,141.0,359.0,0.6521739130434783,0.6666666666666666,0.7894736842105263,0.5,0.6521739130434783,0.6666666666666666,0.7142857142857143,0.5714285714285715,0.6594202898550725,0.6428571428571429,9.241909980773926,15.0,8.0,4.0,8.0
12,0.6843137254901961,0.7999999999999998,0.7958927238339003,0.7308584917581459,0.6843137254901961,0.7999999999999998,0.7185246527644762,0.7532170888585203,0.742156862745098,0.7358708708114983,0.4631110172645718,349.0,161.0,102.0,408.0,0.5652173913043478,0.4166666666666667,0.65,0.3333333333333333,0.5652173913043478,0.4166666666666667,0.6046511627906976,0.3703703703703704,0.4909420289855072,0.48751076658053405,6.33469295501709,13.0,10.0,7.0,5.0
13,0.706,0.8079999999999998,0.8050828060828059,0.749116133866134,0.706,0.8079999999999998,0.736692332920964,0.7662360943374534,0.7569999999999999,0.7514642136292087,0.44540019989013674,353.0,147.0,96.0,404.0,0.5217391304347826,0.6666666666666666,0.75,0.42105263157894735,0.5217391304347826,0.6666666666666666,0.6153846153846153,0.5161290322580646,0.5942028985507246,0.56575682382134,3.8118016719818115,12.0,11.0,4.0,8.0
14,0.7559999999999999,0.7879999999999999,0.7925656010656011,0.7781616716616716,0.7559999999999999,0.7879999999999999,0.7650019380195044,0.7727398211486245,0.7719999999999999,0.7688708795840644,0.4165253829956055,378.0,122.0,106.0,394.0,0.391304347826087,0.75,0.75,0.391304347826087,0.391304347826087,0.75,0.5142857142857143,0.5142857142857143,0.5706521739130435,0.5142857142857143,3.8684709072113037,9.0,14.0,3.0,9.0
15,0.7980392156862743,0.8019607843137254,0.8143606393606391,0.812617364693489,0.7980392156862743,0.8019607843137254,0.7950406127518078,0.7983327056874943,0.7999999999999998,0.7966866592196511,0.3836051342534084,407.0,103.0,101.0,409.0,0.6086956521739131,0.5833333333333334,0.7368421052631579,0.4375,0.6086956521739131,0.5833333333333334,0.6666666666666666,0.5,0.5960144927536233,0.5833333333333333,1.106374740600586,14.0,9.0,5.0,7.0
16,0.7939999999999999,0.782,0.7980147630147628,0.8103382728382726,0.7939999999999999,0.782,0.7854964247400644,0.7844291125783924,0.788,0.7849627686592284,0.3872216033935547,397.0,103.0,109.0,391.0,0.6521739130434783,0.4166666666666667,0.6818181818181818,0.38461538461538464,0.6521739130434783,0.4166666666666667,0.6666666666666666,0.4,0.5344202898550725,0.5333333333333333,0.8555316925048828,15.0,8.0,7.0,5.0
17,0.772549019607843,0.8686274509803921,0.8664233370115724,0.8028586337409864,0.772549019607843,0.8686274509803921,0.8071834872736346,0.8287481569148009,0.8205882352941175,0.8179658220942178,0.3590870651544309,394.0,116.0,67.0,443.0,0.5652173913043478,0.5833333333333334,0.7222222222222222,0.4117647058823529,0.5652173913043478,0.5833333333333334,0.6341463414634146,0.4827586206896552,0.5742753623188406,0.5584524810765349,3.6500284671783447,13.0,10.0,5.0,7.0
18,0.796,0.8019999999999999,0.8232436452436451,0.8226040071040072,0.796,0.8019999999999999,0.7936657117878009,0.7941651719453574,0.7989999999999999,0.7939154418665791,0.3750655364990234,398.0,102.0,99.0,401.0,0.6521739130434783,0.5,0.7142857142857143,0.42857142857142855,0.6521739130434783,0.5,0.6818181818181819,0.4615384615384615,0.5760869565217391,0.5716783216783217,3.829763412475586,15.0,8.0,6.0,6.0
19,0.818,0.8459999999999995,0.8540997335997333,0.8359076479076477,0.818,0.8459999999999995,0.8273918643388285,0.8330672737023521,0.8319999999999997,0.8302295690205903,0.32656185150146483,409.0,91.0,77.0,423.0,0.6521739130434783,0.75,0.8333333333333334,0.5294117647058824,0.6521739130434783,0.75,0.7317073170731708,0.6206896551724139,0.7010869565217391,0.6761984861227923,3.8182430267333984,15.0,8.0,3.0,9.0
20,0.849019607843137,0.8098039215686271,0.8353893927423337,0.8598823289999757,0.849019607843137,0.8098039215686271,0.8314606518255965,0.8213745196693575,0.8294117647058821,0.8264175857474769,0.3098866331811045,433.0,77.0,97.0,413.0,0.43478260869565216,0.75,0.7692307692307693,0.4090909090909091,0.43478260869565216,0.75,0.5555555555555555,0.5294117647058824,0.592391304347826,0.5424836601307189,1.120497465133667,10.0,13.0,3.0,9.0
21,0.7979999999999998,0.8799999999999999,0.8797446442446443,0.8261354756354755,0.7979999999999998,0.8799999999999999,0.8281179181193313,0.8453202618263862,0.8389999999999999,0.8367190899728587,0.29363189697265624,399.0,101.0,60.0,440.0,0.5217391304347826,0.6666666666666666,0.75,0.42105263157894735,0.5217391304347826,0.6666666666666666,0.6153846153846153,0.5161290322580646,0.5942028985507246,0.56575682382134,0.9644868969917297,12.0,11.0,4.0,8.0
22,0.8490196078431368,0.8352941176470585,0.8522990625931799,0.8632225073401542,0.8490196078431368,0.8352941176470585,0.8403160636629631,0.8394180429728717,0.8421568627450977,0.8398670533179173,0.28841562832103057,433.0,77.0,84.0,426.0,0.43478260869565216,0.5833333333333334,0.6666666666666666,0.35,0.43478260869565216,0.5833333333333334,0.5263157894736841,0.4375,0.5090579710144928,0.48190789473684204,0.9368696808815002,10.0,13.0,5.0,7.0
23,0.8079999999999999,0.8919999999999995,0.8917424797424794,0.8357748362748358,0.8079999999999999,0.8919999999999995,0.8386742487855688,0.8567537037975856,0.8499999999999996,0.8477139762915773,0.29003957748413084,404.0,96.0,54.0,446.0,0.4782608695652174,0.5833333333333334,0.6875,0.3684210526315789,0.4782608695652174,0.5833333333333334,0.5641025641025642,0.4516129032258065,0.5307971014492754,0.5078577336641854,0.8598564267158508,11.0,12.0,5.0,7.0
24,0.8579999999999997,0.8239999999999996,0.8426618936618937,0.865748085248085,0.8579999999999997,0.8239999999999996,0.8423026445055517,0.835220239236392,0.8409999999999996,0.8387614418709719,0.2744440460205078,429.0,71.0,88.0,412.0,0.5217391304347826,0.6666666666666666,0.75,0.42105263157894735,0.5217391304347826,0.6666666666666666,0.6153846153846153,0.5161290322580646,0.5942028985507246,0.56575682382134,1.1116827726364136,12.0,11.0,4.0,8.0
25,0.850980392156862,0.8960784313725486,0.9046981885217176,0.8658095172801055,0.850980392156862,0.8960784313725486,0.870043907190067,0.8745834761037498,0.8735294117647053,0.8723136916469083,0.24501374188591452,434.0,76.0,53.0,457.0,0.6086956521739131,0.5833333333333334,0.7368421052631579,0.4375,0.6086956521739131,0.5833333333333334,0.6666666666666666,0.5,0.5960144927536233,0.5833333333333333,6.548719882965088,14.0,9.0,5.0,7.0
26,0.8519999999999998,0.8639999999999998,0.876030858030858,0.8686787656787655,0.8519999999999998,0.8639999999999998,0.8539679186146405,0.8580823334395815,0.8579999999999998,0.856025126027111,0.257452449798584,426.0,74.0,68.0,432.0,0.5217391304347826,0.5833333333333334,0.7058823529411765,0.3888888888888889,0.5217391304347826,0.5833333333333334,0.6,0.4666666666666666,0.552536231884058,0.5333333333333333,0.9795233607292175,12.0,11.0,5.0,7.0
27,0.8509803921568624,0.8529411764705876,0.8665109400403517,0.8641709597591949,0.8509803921568624,0.8529411764705876,0.8499202031959188,0.8502447484566442,0.851960784313725,0.8500824758262815,0.26487019482780905,434.0,76.0,75.0,435.0,0.5217391304347826,0.5,0.6666666666666666,0.35294117647058826,0.5217391304347826,0.5,0.5853658536585366,0.41379310344827586,0.5108695652173914,0.49957947855340623,6.4841837882995605,12.0,11.0,6.0,6.0
28,0.8979999999999997,0.8879999999999997,0.9005730380730378,0.9092099567099565,0.8979999999999997,0.8879999999999997,0.8919431668374993,0.8914383149418141,0.8929999999999997,0.8916907408896567,0.21682144165039063,449.0,51.0,56.0,444.0,0.6086956521739131,0.5833333333333334,0.7368421052631579,0.4375,0.6086956521739131,0.5833333333333334,0.6666666666666666,0.5,0.5960144927536233,0.5833333333333333,6.401954650878906,14.0,9.0,5.0,7.0
29,0.8599999999999999,0.8819999999999998,0.8931581196581194,0.8774685314685313,0.8599999999999999,0.8819999999999998,0.8675597922963649,0.8705807695243685,0.8709999999999998,0.8690702809103668,0.25539264678955076,430.0,70.0,59.0,441.0,0.6086956521739131,0.5,0.7,0.4,0.6086956521739131,0.5,0.6511627906976744,0.4444444444444445,0.5543478260869565,0.5478036175710594,3.6400229930877686,14.0,9.0,6.0,6.0
30,0.8882352941176467,0.86078431372549,0.8770611197081785,0.895828844358256,0.8882352941176467,0.86078431372549,0.8754303102940793,0.870598695920566,0.8745098039215684,0.8730145031073226,0.23438031065697765,453.0,57.0,71.0,439.0,0.5217391304347826,0.5833333333333334,0.7058823529411765,0.3888888888888889,0.5217391304347826,0.5833333333333334,0.6,0.4666666666666666,0.552536231884058,0.5333333333333333,3.7295920848846436,12.0,11.0,5.0,7.0
31,0.8879999999999997,0.8739999999999998,0.8904944499944496,0.9001725496725492,0.8879999999999997,0.8739999999999998,0.8804847108665248,0.8774458152861027,0.8809999999999998,0.8789652630763137,0.21970090866088868,444.0,56.0,63.0,437.0,0.4782608695652174,0.5833333333333334,0.6875,0.3684210526315789,0.4782608695652174,0.5833333333333334,0.5641025641025642,0.4516129032258065,0.5307971014492754,0.5078577336641854,0.968914270401001,11.0,12.0,5.0,7.0
32,0.880392156862745,0.8647058823529411,0.8828349210702151,0.8920351435057315,0.880392156862745,0.8647058823529411,0.8733060407369354,0.8683918619394057,0.872549019607843,0.8708489513381705,0.2337182923859241,449.0,61.0,69.0,441.0,0.43478260869565216,0.75,0.7692307692307693,0.4090909090909091,0.43478260869565216,0.75,0.5555555555555555,0.5294117647058824,0.592391304347826,0.5424836601307189,1.0734752416610718,10.0,13.0,3.0,9.0
33,0.8739999999999999,0.9119999999999997,0.921335664335664,0.8917866022866022,0.8739999999999999,0.9119999999999997,0.8884326436489577,0.8947955205381501,0.8929999999999998,0.8916140820935539,0.19801538467407226,437.0,63.0,44.0,456.0,0.6521739130434783,0.5,0.7142857142857143,0.42857142857142855,0.6521739130434783,0.5,0.6818181818181819,0.4615384615384615,0.5760869565217391,0.5716783216783217,6.431026935577393,15.0,8.0,6.0,6.0
34,0.866,0.9299999999999997,0.9343268953268951,0.8851632811632811,0.866,0.9299999999999997,0.8918977174393781,0.9015293121201046,0.8979999999999999,0.8967135147797414,0.19980777740478517,433.0,67.0,35.0,465.0,0.6086956521739131,0.5,0.7,0.4,0.6086956521739131,0.5,0.6511627906976744,0.4444444444444445,0.5543478260869565,0.5478036175710594,0.9091681241989136,14.0,9.0,6.0,6.0
35,0.9235294117647055,0.8941176470588235,0.9103679544856013,0.9318358656593948,0.9235294117647055,0.8941176470588235,0.9104439293226473,0.9048833593543114,0.9088235294117645,0.9076636443384793,0.18228650560566023,471.0,39.0,54.0,456.0,0.6521739130434783,0.4166666666666667,0.6818181818181818,0.38461538461538464,0.6521739130434783,0.4166666666666667,0.6666666666666666,0.4,0.5344202898550725,0.5333333333333333,6.417813777923584,15.0,8.0,7.0,5.0
36,0.8999999999999997,0.9039999999999998,0.9160370740370741,0.9077953157953157,0.8999999999999997,0.9039999999999998,0.902074486767177,0.8997785090875676,0.9019999999999997,0.9009264979273723,0.19313962936401366,450.0,50.0,48.0,452.0,0.5652173913043478,0.5,0.6842105263157895,0.375,0.5652173913043478,0.5,0.6190476190476191,0.42857142857142855,0.5326086956521738,0.5238095238095238,0.9028566479682922,13.0,10.0,6.0,6.0
37,0.8843137254901957,0.876470588235294,0.8898035515682574,0.8973659782483311,0.8843137254901957,0.876470588235294,0.8792758046505281,0.8785769495290209,0.8803921568627449,0.8789263770897745,0.20857767965279372,451.0,59.0,63.0,447.0,0.34782608695652173,0.6666666666666666,0.6666666666666666,0.34782608695652173,0.34782608695652173,0.6666666666666666,0.4571428571428571,0.4571428571428571,0.5072463768115942,0.4571428571428571,1.1220523118972778,8.0,15.0,4.0,8.0
38,0.9059999999999997,0.9099999999999996,0.9178961593961591,0.9137408702408699,0.9059999999999997,0.9099999999999996,0.9071898381153995,0.9074211068242561,0.9079999999999997,0.9073054724698278,0.18016094207763672,453.0,47.0,45.0,455.0,0.782608695652174,0.5,0.75,0.5454545454545454,0.782608695652174,0.5,0.7659574468085107,0.5217391304347826,0.6413043478260869,0.6438482886216467,3.6297290325164795,18.0,5.0,6.0,6.0
39,0.9039999999999998,0.9039999999999999,0.9132214452214452,0.9163760683760684,0.9039999999999998,0.9039999999999999,0.9019156215152304,0.9040083878222249,0.9039999999999999,0.9029620046687277,0.17932050704956054,452.0,48.0,48.0,452.0,0.43478260869565216,0.5,0.625,0.3157894736842105,0.43478260869565216,0.5,0.5128205128205128,0.3870967741935484,0.46739130434782605,0.4499586435070306,0.9569174647331238,10.0,13.0,6.0,6.0
40,0.9137254901960781,0.9137254901960781,0.9232090893855599,0.9235181485181485,0.9137254901960781,0.9137254901960781,0.9127179091512027,0.913154378439865,0.9137254901960781,0.9129361437955339,0.15741294038062,466.0,44.0,44.0,466.0,0.4782608695652174,0.5,0.6470588235294118,0.3333333333333333,0.4782608695652174,0.5,0.55,0.4,0.4891304347826087,0.47500000000000003,0.9721518158912659,11.0,12.0,6.0,6.0
41,0.9179999999999997,0.9039999999999998,0.9136312576312575,0.9266238206238202,0.9179999999999997,0.9039999999999998,0.910604476004395,0.9094483315550751,0.9109999999999998,0.910026403779735,0.17772680282592773,459.0,41.0,48.0,452.0,0.6956521739130435,0.4166666666666667,0.6956521739130435,0.4166666666666667,0.6956521739130435,0.4166666666666667,0.6956521739130435,0.4166666666666667,0.5561594202898551,0.5561594202898551,0.9012306928634644,16.0,7.0,7.0,5.0
42,0.9137254901960781,0.9078431372549016,0.9178006633888988,0.9201800922389154,0.9137254901960781,0.9078431372549016,0.9109163735762195,0.9087884573725037,0.9107843137254898,0.9098524154743616,0.1668401044957778,466.0,44.0,47.0,463.0,0.6956521739130435,0.4166666666666667,0.6956521739130435,0.4166666666666667,0.6956521739130435,0.4166666666666667,0.6956521739130435,0.4166666666666667,0.5561594202898551,0.5561594202898551,0.9103964567184448,16.0,7.0,7.0,5.0
43,0.8699999999999997,0.9159999999999998,0.9231155511155508,0.8902794982794984,0.8699999999999997,0.9159999999999998,0.8871772450190808,0.8957411705268745,0.8929999999999998,0.8914592077729777,0.18722625732421874,435.0,65.0,42.0,458.0,0.6086956521739131,0.4166666666666667,0.6666666666666666,0.35714285714285715,0.6086956521739131,0.4166666666666667,0.6363636363636365,0.3846153846153846,0.5126811594202899,0.5104895104895105,0.9213742017745972,14.0,9.0,7.0,5.0
44,0.9299999999999998,0.8959999999999995,0.9045462315462315,0.9360361305361303,0.9299999999999998,0.8959999999999995,0.9132707176761552,0.9115603812289769,0.9129999999999996,0.9124155494525661,0.16978742599487304,465.0,35.0,52.0,448.0,0.7391304347826086,0.3333333333333333,0.68,0.4,0.7391304347826086,0.3333333333333333,0.7083333333333334,0.3636363636363636,0.536231884057971,0.5359848484848485,6.350305080413818,17.0,6.0,8.0,4.0
45,0.9235294117647055,0.890196078431372,0.903720081661258,0.9293572984749452,0.9235294117647055,0.890196078431372,0.9079410207556654,0.903470088664042,0.9068627450980388,0.9057055547098537,0.15614774180393592,471.0,39.0,56.0,454.0,0.6521739130434783,0.4166666666666667,0.6818181818181818,0.38461538461538464,0.6521739130434783,0.4166666666666667,0.6666666666666666,0.4,0.5344202898550725,0.5333333333333333,0.8870565295219421,15.0,8.0,7.0,5.0
46,0.9099999999999998,0.9079999999999994,0.9151623931623931,0.9169106449106447,0.9099999999999998,0.9079999999999994,0.9084348579734224,0.908556606971198,0.9089999999999996,0.9084957324723102,0.16668340682983399,455.0,45.0,46.0,454.0,0.6086956521739131,0.4166666666666667,0.6666666666666666,0.35714285714285715,0.6086956521739131,0.4166666666666667,0.6363636363636365,0.3846153846153846,0.5126811594202899,0.5104895104895105,6.387210369110107,14.0,9.0,7.0,5.0
47,0.9333333333333331,0.9019607843137251,0.9134384678502323,0.9380429483370659,0.9333333333333331,0.9019607843137251,0.9190873908134559,0.9146562939009864,0.917647058823529,0.9168718423572211,0.1570094426472982,476.0,34.0,50.0,460.0,0.34782608695652173,0.5833333333333334,0.6153846153846154,0.3181818181818182,0.34782608695652173,0.5833333333333334,0.4444444444444444,0.4117647058823529,0.46557971014492755,0.42810457516339867,1.0630220174789429,8.0,15.0,5.0,7.0
48,0.9319999999999997,0.8959999999999997,0.9104927294927294,0.9338052503052501,0.9319999999999997,0.8959999999999997,0.9168322334550624,0.9094588238596171,0.9139999999999997,0.9131455286573398,0.16320205688476563,466.0,34.0,52.0,448.0,0.43478260869565216,0.5833333333333334,0.6666666666666666,0.35,0.43478260869565216,0.5833333333333334,0.5263157894736841,0.4375,0.5090579710144928,0.48190789473684204,0.9978812336921692,10.0,13.0,5.0,7.0
49,0.8979999999999998,0.9519999999999996,0.9527842712842708,0.9110512820512818,0.8979999999999998,0.9519999999999996,0.9205747702589803,0.9282194418853454,0.9249999999999997,0.9243971060721629,0.1418266201019287,449.0,51.0,24.0,476.0,0.6956521739130435,0.4166666666666667,0.6956521739130435,0.4166666666666667,0.6956521739130435,0.4166666666666667,0.6956521739130435,0.4166666666666667,0.5561594202898551,0.5561594202898551,3.667772054672241,16.0,7.0,7.0,5.0
50,0.9274509803921563,0.9235294117647056,0.932274479333303,0.9365632189161598,0.9274509803921563,0.9235294117647056,0.9240891723467951,0.9252384410215797,0.925490196078431,0.9246638066841875,0.14815879335590437,473.0,37.0,39.0,471.0,0.6956521739130435,0.4166666666666667,0.6956521739130435,0.4166666666666667,0.6956521739130435,0.4166666666666667,0.6956521739130435,0.4166666666666667,0.5561594202898551,0.5561594202898551,6.378598690032959,16.0,7.0,7.0,5.0
51,0.9199999999999997,0.8939999999999999,0.9073310023310021,0.9269741369741369,0.9199999999999997,0.8939999999999999,0.9080477505474139,0.9040549428286668,0.9069999999999998,0.9060513466880404,0.16880348205566406,460.0,40.0,53.0,447.0,0.5652173913043478,0.4166666666666667,0.65,0.3333333333333333,0.5652173913043478,0.4166666666666667,0.6046511627906976,0.3703703703703704,0.4909420289855072,0.48751076658053405,0.9212324023246765,13.0,10.0,7.0,5.0
52,0.9,0.9196078431372546,0.9287490287490285,0.9117203058379524,0.9,0.9196078431372546,0.9079866191198565,0.9095114604944914,0.9098039215686273,0.9087490398071739,0.14908842946968826,459.0,51.0,41.0,469.0,0.6521739130434783,0.4166666666666667,0.6818181818181818,0.38461538461538464,0.6521739130434783,0.4166666666666667,0.6666666666666666,0.4,0.5344202898550725,0.5333333333333333,0.9259726405143738,15.0,8.0,7.0,5.0
53,0.9239999999999996,0.9199999999999996,0.9271934731934728,0.9315491175491175,0.9239999999999996,0.9199999999999996,0.9211896289200096,0.9216348275944448,0.9219999999999996,0.9214122282572272,0.15013654708862303,462.0,38.0,40.0,460.0,0.5652173913043478,0.4166666666666667,0.65,0.3333333333333333,0.5652173913043478,0.4166666666666667,0.6046511627906976,0.3703703703703704,0.4909420289855072,0.48751076658053405,3.6384944915771484,13.0,10.0,7.0,5.0
54,0.9539999999999996,0.9199999999999996,0.9312785547785544,0.9589242424242425,0.9539999999999996,0.9199999999999996,0.9385069723055984,0.9340173338873022,0.9369999999999996,0.9362621530964503,0.13474370956420897,477.0,23.0,40.0,460.0,0.43478260869565216,0.5,0.625,0.3157894736842105,0.43478260869565216,0.5,0.5128205128205128,0.3870967741935484,0.46739130434782605,0.4499586435070306,0.9000175595283508,10.0,13.0,6.0,6.0
55,0.945098039215686,0.898039215686274,0.910986725692608,0.9529823118058413,0.945098039215686,0.898039215686274,0.9212430273011618,0.9193386995454406,0.92156862745098,0.9202908634233011,0.13806719873465745,482.0,28.0,52.0,458.0,0.5217391304347826,0.5,0.6666666666666666,0.35294117647058826,0.5217391304347826,0.5,0.5853658536585366,0.41379310344827586,0.5108695652173914,0.49957947855340623,0.8288474082946777,12.0,11.0,6.0,6.0
56,0.9399999999999997,0.9139999999999998,0.9243174048174043,0.946264069264069,0.9399999999999997,0.9139999999999998,0.9270447924818628,0.9252327431770149,0.9269999999999998,0.9261387678294388,0.13934290885925293,470.0,30.0,43.0,457.0,0.6086956521739131,0.3333333333333333,0.6363636363636364,0.3076923076923077,0.6086956521739131,0.3333333333333333,0.6222222222222223,0.32,0.47101449275362317,0.47111111111111115,3.6656394004821777,14.0,9.0,8.0,4.0
57,0.9352941176470588,0.9078431372549017,0.919366689954925,0.939365754071636,0.9352941176470588,0.9078431372549017,0.9231066208998473,0.9184718215614621,0.9215686274509802,0.9207892212306548,0.12938824821920955,477.0,33.0,47.0,463.0,0.5652173913043478,0.4166666666666667,0.65,0.3333333333333333,0.5652173913043478,0.4166666666666667,0.6046511627906976,0.3703703703703704,0.4909420289855072,0.48751076658053405,3.671360969543457,13.0,10.0,7.0,5.0
58,0.9439999999999996,0.9159999999999999,0.9263154623154622,0.950002886002886,0.9439999999999996,0.9159999999999999,0.9305458276785502,0.9281470878622577,0.9299999999999997,0.929346457770404,0.1387064552307129,472.0,28.0,42.0,458.0,0.4782608695652174,0.5,0.6470588235294118,0.3333333333333333,0.4782608695652174,0.5,0.55,0.4,0.4891304347826087,0.47500000000000003,0.8966150283813477,11.0,12.0,6.0,6.0
59,0.9159999999999998,0.9339999999999996,0.9399624819624816,0.9255369075369074,0.9159999999999998,0.9339999999999996,0.9227570798654382,0.9256045878860517,0.9249999999999997,0.9241808338757449,0.1436815929412842,458.0,42.0,33.0,467.0,0.6086956521739131,0.4166666666666667,0.6666666666666666,0.35714285714285715,0.6086956521739131,0.4166666666666667,0.6363636363636365,0.3846153846153846,0.5126811594202899,0.5104895104895105,0.9405869841575623,14.0,9.0,7.0,5.0
60,0.9392156862745097,0.8921568627450975,0.9068288465347288,0.9470356440944675,0.9392156862745097,0.8921568627450975,0.9165147790142836,0.9127841821609483,0.9156862745098036,0.914649480587616,0.1362473169962565,479.0,31.0,55.0,455.0,0.5217391304347826,0.4166666666666667,0.631578947368421,0.3125,0.5217391304347826,0.4166666666666667,0.5714285714285715,0.35714285714285715,0.4692028985507246,0.4642857142857143,6.4074883460998535,12.0,11.0,7.0,5.0
61,0.9479999999999998,0.9039999999999996,0.9158319458319454,0.953174603174603,0.9479999999999998,0.9039999999999996,0.9273362424506584,0.9232895295279191,0.9259999999999997,0.9253128859892887,0.1272761344909668,474.0,26.0,48.0,452.0,0.6086956521739131,0.4166666666666667,0.6666666666666666,0.35714285714285715,0.6086956521739131,0.4166666666666667,0.6363636363636365,0.3846153846153846,0.5126811594202899,0.5104895104895105,0.9125623106956482,14.0,9.0,7.0,5.0
62,0.9392156862745095,0.9137254901960782,0.9229742479742478,0.9438651218062982,0.9392156862745095,0.9137254901960782,0.9275844549501835,0.9242404489080863,0.9264705882352938,0.9259124519291348,0.14345948836382696,479.0,31.0,44.0,466.0,0.7391304347826086,0.3333333333333333,0.68,0.4,0.7391304347826086,0.3333333333333333,0.7083333333333334,0.3636363636363636,0.536231884057971,0.5359848484848485,3.644364356994629,17.0,6.0,8.0,4.0
63,0.9499999999999997,0.9099999999999997,0.9205419580419577,0.9533391608391607,0.9499999999999997,0.9099999999999997,0.9316200230872453,0.927375846809148,0.9299999999999997,0.9294979349481967,0.13063441276550292,475.0,25.0,45.0,455.0,0.6521739130434783,0.3333333333333333,0.6521739130434783,0.3333333333333333,0.6521739130434783,0.3333333333333333,0.6521739130434783,0.3333333333333333,0.49275362318840576,0.49275362318840576,3.6688358783721924,15.0,8.0,8.0,4.0
64,0.9339999999999997,0.9159999999999998,0.9274407259407256,0.9407193917193917,0.9339999999999997,0.9159999999999998,0.9257431239883782,0.9227515454139492,0.9249999999999998,0.9242473347011637,0.12943933486938478,467.0,33.0,42.0,458.0,0.6956521739130435,0.3333333333333333,0.6666666666666666,0.36363636363636365,0.6956521739130435,0.3333333333333333,0.6808510638297872,0.34782608695652173,0.5144927536231884,0.5143385753931544,3.6518402099609375,16.0,7.0,8.0,4.0
65,0.9450980392156861,0.9137254901960781,0.9230923216217329,0.9495155171625757,0.9450980392156861,0.9137254901960781,0.9304657618230019,0.9272562377156451,0.9294117647058822,0.9288609997693236,0.13495305940216662,482.0,28.0,44.0,466.0,0.5652173913043478,0.4166666666666667,0.65,0.3333333333333333,0.5652173913043478,0.4166666666666667,0.6046511627906976,0.3703703703703704,0.4909420289855072,0.48751076658053405,3.6637890338897705,13.0,10.0,7.0,5.0
66,0.9679999999999999,0.8979999999999996,0.912436285936286,0.9686645021645021,0.9679999999999999,0.8979999999999996,0.9364247707542898,0.9281877867574454,0.9329999999999997,0.9323062787558676,0.12834996223449707,484.0,16.0,51.0,449.0,0.6521739130434783,0.4166666666666667,0.6818181818181818,0.38461538461538464,0.6521739130434783,0.4166666666666667,0.6666666666666666,0.4,0.5344202898550725,0.5333333333333333,0.9087750315666199,15.0,8.0,7.0,5.0
67,0.9392156862745095,0.9117647058823527,0.9192520986638629,0.9432610417904536,0.9392156862745095,0.9117647058823527,0.9262047948412193,0.924012514597107,0.9254901960784311,0.9251086547191631,0.13570632186590456,479.0,31.0,45.0,465.0,0.6521739130434783,0.4166666666666667,0.6818181818181818,0.38461538461538464,0.6521739130434783,0.4166666666666667,0.6666666666666666,0.4,0.5344202898550725,0.5333333333333333,0.9237014651298523,15.0,8.0,7.0,5.0
68,0.9159999999999998,0.9219999999999997,0.9294005439005437,0.9272468642468641,0.9159999999999998,0.9219999999999997,0.9169514756044569,0.9195325495013198,0.9189999999999998,0.9182420125528883,0.13017083168029786,458.0,42.0,39.0,461.0,0.6956521739130435,0.4166666666666667,0.6956521739130435,0.4166666666666667,0.6956521739130435,0.4166666666666667,0.6956521739130435,0.4166666666666667,0.5561594202898551,0.5561594202898551,0.9220086336135864,16.0,7.0,7.0,5.0
69,0.9499999999999996,0.9159999999999998,0.9262338772338772,0.9537222222222222,0.9499999999999996,0.9159999999999998,0.9345211975921355,0.9305623506180776,0.9329999999999997,0.9325417741051065,0.13133676528930663,475.0,25.0,42.0,458.0,0.6086956521739131,0.4166666666666667,0.6666666666666666,0.35714285714285715,0.6086956521739131,0.4166666666666667,0.6363636363636365,0.3846153846153846,0.5126811594202899,0.5104895104895105,0.9243125915527344,14.0,9.0,7.0,5.0
70,0.937254901960784,0.9078431372549016,0.9165712283359342,0.9413547237076648,0.937254901960784,0.9078431372549016,0.9236292829777816,0.9205029236262162,0.9225490196078427,0.9220661033019989,0.1353614377040489,478.0,32.0,47.0,463.0,0.6086956521739131,0.4166666666666667,0.6666666666666666,0.35714285714285715,0.6086956521739131,0.4166666666666667,0.6363636363636365,0.3846153846153846,0.5126811594202899,0.5104895104895105,0.9258601665496826,14.0,9.0,7.0,5.0
71,0.9439999999999996,0.9159999999999995,0.9249906759906756,0.9479069264069261,0.9439999999999996,0.9159999999999995,0.9307985345445292,0.9282210249330985,0.9299999999999995,0.9295097797388139,0.1317231273651123,472.0,28.0,42.0,458.0,0.5652173913043478,0.4166666666666667,0.65,0.3333333333333333,0.5652173913043478,0.4166666666666667,0.6046511627906976,0.3703703703703704,0.4909420289855072,0.48751076658053405,3.663618326187134,13.0,10.0,7.0,5.0
72,0.9568627450980391,0.9156862745098036,0.9262797659856481,0.9608734402852047,0.9568627450980391,0.9156862745098036,0.9379193611660963,0.9336298787582703,0.9362745098039214,0.9357746199621833,0.12774247749179019,488.0,22.0,43.0,467.0,0.6086956521739131,0.4166666666666667,0.6666666666666666,0.35714285714285715,0.6086956521739131,0.4166666666666667,0.6363636363636365,0.3846153846153846,0.5126811594202899,0.5104895104895105,0.9260293245315552,14.0,9.0,7.0,5.0
73,0.9499999999999997,0.8979999999999997,0.9097047397047393,0.953051948051948,0.9499999999999997,0.8979999999999997,0.9252678798445385,0.9211596459955587,0.9239999999999997,0.9232137629200485,0.12785317420959472,475.0,25.0,51.0,449.0,0.6086956521739131,0.4166666666666667,0.6666666666666666,0.35714285714285715,0.6086956521739131,0.4166666666666667,0.6363636363636365,0.3846153846153846,0.5126811594202899,0.5104895104895105,0.9149224162101746,14.0,9.0,7.0,5.0
74,0.9519999999999997,0.9199999999999996,0.9267070707070704,0.9550209790209787,0.9519999999999997,0.9199999999999996,0.9367213666965982,0.934722663047605,0.9359999999999997,0.9357220148721016,0.11686749458312988,476.0,24.0,40.0,460.0,0.5652173913043478,0.4166666666666667,0.65,0.3333333333333333,0.5652173913043478,0.4166666666666667,0.6046511627906976,0.3703703703703704,0.4909420289855072,0.48751076658053405,0.9392960667610168,13.0,10.0,7.0,5.0
75,0.9470588235294113,0.92156862745098,0.9292639822051584,0.949732620320855,0.9470588235294113,0.92156862745098,0.9355588394893815,0.9324790165620609,0.9343137254901956,0.9340189280257212,0.12194949505375881,483.0,27.0,40.0,470.0,0.6086956521739131,0.4166666666666667,0.6666666666666666,0.35714285714285715,0.6086956521739131,0.4166666666666667,0.6363636363636365,0.3846153846153846,0.5126811594202899,0.5104895104895105,0.9239541292190552,14.0,9.0,7.0,5.0
76,0.9419999999999997,0.9139999999999998,0.9229877344877343,0.9450656565656564,0.9419999999999997,0.9139999999999998,0.9293545986177559,0.9256768436242118,0.9279999999999997,0.9275157211209839,0.1292247486114502,471.0,29.0,43.0,457.0,0.6086956521739131,0.4166666666666667,0.6666666666666666,0.35714285714285715,0.6086956521739131,0.4166666666666667,0.6363636363636365,0.3846153846153846,0.5126811594202899,0.5104895104895105,0.936068058013916,14.0,9.0,7.0,5.0
77,0.952941176470588,0.9137254901960781,0.925198222257046,0.9581211816505933,0.952941176470588,0.9137254901960781,0.9348263817846452,0.9303982632033271,0.933333333333333,0.9326123224939862,0.12915731878841624,486.0,24.0,44.0,466.0,0.6086956521739131,0.4166666666666667,0.6666666666666666,0.35714285714285715,0.6086956521739131,0.4166666666666667,0.6363636363636365,0.3846153846153846,0.5126811594202899,0.5104895104895105,0.9273768663406372,14.0,9.0,7.0,5.0
78,0.9419999999999998,0.9059999999999995,0.9150036630036626,0.9452323232323228,0.9419999999999998,0.9059999999999995,0.925373684540732,0.9216865827670777,0.9239999999999997,0.9235301336539048,0.1359476089477539,471.0,29.0,47.0,453.0,0.6086956521739131,0.4166666666666667,0.6666666666666666,0.35714285714285715,0.6086956521739131,0.4166666666666667,0.6363636363636365,0.3846153846153846,0.5126811594202899,0.5104895104895105,0.9288120865821838,14.0,9.0,7.0,5.0
79,0.9439999999999997,0.9179999999999998,0.9290873570873569,0.9504459984459983,0.9439999999999997,0.9179999999999998,0.9318350250578004,0.9286204028244675,0.9309999999999998,0.9302277139411339,0.12694402694702148,472.0,28.0,41.0,459.0,0.6086956521739131,0.4166666666666667,0.6666666666666666,0.35714285714285715,0.6086956521739131,0.4166666666666667,0.6363636363636365,0.3846153846153846,0.5126811594202899,0.5104895104895105,0.9313064813613892,14.0,9.0,7.0,5.0
80,0.9333333333333331,0.917647058823529,0.9245938701821053,0.9393435540494361,0.9333333333333331,0.917647058823529,0.9253247897733335,0.9245204118459163,0.9254901960784311,0.924922600809625,0.12569939856435738,476.0,34.0,42.0,468.0,0.6086956521739131,0.4166666666666667,0.6666666666666666,0.35714285714285715,0.6086956521739131,0.4166666666666667,0.6363636363636365,0.3846153846153846,0.5126811594202899,0.5104895104895105,0.9454429745674133,14.0,9.0,7.0,5.0
81,0.954,0.9039999999999996,0.916323398823399,0.957121212121212,0.954,0.9039999999999996,0.9313870975198201,0.9253512345927202,0.9289999999999998,0.9283691660562701,0.13359781265258788,477.0,23.0,48.0,452.0,0.6086956521739131,0.4166666666666667,0.6666666666666666,0.35714285714285715,0.6086956521739131,0.4166666666666667,0.6363636363636365,0.3846153846153846,0.5126811594202899,0.5104895104895105,0.9180089831352234,14.0,9.0,7.0,5.0
82,0.937254901960784,0.929411764705882,0.9371756783521489,0.9421576245105655,0.937254901960784,0.929411764705882,0.9338950641081396,0.9315876816482546,0.933333333333333,0.932741372878197,0.12285333521225873,478.0,32.0,36.0,474.0,0.6086956521739131,0.4166666666666667,0.6666666666666666,0.35714285714285715,0.6086956521739131,0.4166666666666667,0.6363636363636365,0.3846153846153846,0.5126811594202899,0.5104895104895105,0.9334350824356079,14.0,9.0,7.0,5.0
83,0.9379999999999998,0.9239999999999998,0.9331907536907535,0.9409538239538239,0.9379999999999998,0.9239999999999998,0.9321570461067026,0.9285557387229209,0.9309999999999998,0.9303563924148117,0.12838584899902344,469.0,31.0,38.0,462.0,0.6086956521739131,0.4166666666666667,0.6666666666666666,0.35714285714285715,0.6086956521739131,0.4166666666666667,0.6363636363636365,0.3846153846153846,0.5126811594202899,0.5104895104895105,0.9500782489776611,14.0,9.0,7.0,5.0
84,0.944,0.9279999999999994,0.9328585858585859,0.9485656565656564,0.944,0.9279999999999994,0.9357882585251,0.9355968709652914,0.9359999999999997,0.9356925647451957,0.13335349082946776,472.0,28.0,36.0,464.0,0.6956521739130435,0.4166666666666667,0.6956521739130435,0.4166666666666667,0.6956521739130435,0.4166666666666667,0.6956521739130435,0.4166666666666667,0.5561594202898551,0.5561594202898551,3.648792028427124,16.0,7.0,7.0,5.0
85,0.9509803921568625,0.9235294117647056,0.9323304690951747,0.9545206971677559,0.9509803921568625,0.9235294117647056,0.9385066880692126,0.9351077266757466,0.9372549019607841,0.9368072073724796,0.12536372390447878,485.0,25.0,39.0,471.0,0.6086956521739131,0.4166666666666667,0.6666666666666666,0.35714285714285715,0.6086956521739131,0.4166666666666667,0.6363636363636365,0.3846153846153846,0.5126811594202899,0.5104895104895105,0.9420218467712402,14.0,9.0,7.0,5.0
86,0.9399999999999998,0.9159999999999995,0.9275939060939062,0.9466903651903651,0.9399999999999998,0.9159999999999995,0.9290092757334643,0.9246554225601196,0.9279999999999997,0.9268323491467919,0.1206224536895752,470.0,30.0,42.0,458.0,0.5652173913043478,0.4166666666666667,0.65,0.3333333333333333,0.5652173913043478,0.4166666666666667,0.6046511627906976,0.3703703703703704,0.4909420289855072,0.48751076658053405,0.9482758641242981,13.0,10.0,7.0,5.0
87,0.9509803921568626,0.9215686274509802,0.9324966972025793,0.9559623383152793,0.9509803921568626,0.9215686274509802,0.9377083639235931,0.9335721217951423,0.9362745098039214,0.9356402428593678,0.12593854642381855,485.0,25.0,40.0,470.0,0.6086956521739131,0.4166666666666667,0.6666666666666666,0.35714285714285715,0.6086956521739131,0.4166666666666667,0.6363636363636365,0.3846153846153846,0.5126811594202899,0.5104895104895105,0.9342274069786072,14.0,9.0,7.0,5.0
88,0.9379999999999998,0.9299999999999997,0.9378117438117435,0.9441320901320899,0.9379999999999998,0.9299999999999997,0.934103253561323,0.9328436651964712,0.9339999999999997,0.9334734593788971,0.12876888275146484,469.0,31.0,35.0,465.0,0.6086956521739131,0.4166666666666667,0.6666666666666666,0.35714285714285715,0.6086956521739131,0.4166666666666667,0.6363636363636365,0.3846153846153846,0.5126811594202899,0.5104895104895105,0.9486806392669678,14.0,9.0,7.0,5.0
89,0.9559999999999996,0.9239999999999996,0.9319119769119767,0.9573989898989899,0.9559999999999996,0.9239999999999996,0.9416807169438742,0.9375928457507399,0.9399999999999996,0.939636781347307,0.1265154457092285,478.0,22.0,38.0,462.0,0.6086956521739131,0.4166666666666667,0.6666666666666666,0.35714285714285715,0.6086956521739131,0.4166666666666667,0.6363636363636365,0.3846153846153846,0.5126811594202899,0.5104895104895105,3.6509511470794678,14.0,9.0,7.0,5.0
90,0.9313725490196078,0.9176470588235294,0.9277488306900069,0.9394215261862322,0.9313725490196078,0.9176470588235294,0.9239011301536534,0.9228454555353112,0.9245098039215686,0.9233732928444822,0.13747735116996018,475.0,35.0,42.0,468.0,0.6086956521739131,0.4166666666666667,0.6666666666666666,0.35714285714285715,0.6086956521739131,0.4166666666666667,0.6363636363636365,0.3846153846153846,0.5126811594202899,0.5104895104895105,3.6436116695404053,14.0,9.0,7.0,5.0
91,0.9579999999999997,0.9279999999999998,0.9373954933954931,0.9601111111111109,0.9579999999999997,0.9279999999999998,0.9447801783774318,0.940414253101559,0.9429999999999998,0.9425972157394954,0.12085668563842773,479.0,21.0,36.0,464.0,0.6086956521739131,0.4166666666666667,0.6666666666666666,0.35714285714285715,0.6086956521739131,0.4166666666666667,0.6363636363636365,0.3846153846153846,0.5126811594202899,0.5104895104895105,6.3910040855407715,14.0,9.0,7.0,5.0
92,0.9627450980392155,0.9156862745098037,0.9247581394640215,0.9629283026341847,0.9627450980392155,0.9156862745098037,0.9414782726533966,0.9363285095756408,0.9392156862745096,0.9389033911145187,0.11192883697210573,491.0,19.0,43.0,467.0,0.6086956521739131,0.4166666666666667,0.6666666666666666,0.35714285714285715,0.6086956521739131,0.4166666666666667,0.6363636363636365,0.3846153846153846,0.5126811594202899,0.5104895104895105,3.672189712524414,14.0,9.0,7.0,5.0
93,0.9479999999999998,0.9239999999999996,0.9296674436674434,0.9520606060606057,0.9479999999999998,0.9239999999999996,0.936335786765992,0.9351082429782115,0.9359999999999997,0.9357220148721017,0.12154441833496094,474.0,26.0,38.0,462.0,0.6086956521739131,0.4166666666666667,0.6666666666666666,0.35714285714285715,0.6086956521739131,0.4166666666666667,0.6363636363636365,0.3846153846153846,0.5126811594202899,0.5104895104895105,3.6461966037750244,14.0,9.0,7.0,5.0
94,0.9519999999999997,0.9279999999999997,0.9366724386724385,0.9550707070707068,0.9519999999999997,0.9279999999999997,0.9414594060909846,0.9375215311004781,0.9399999999999997,0.9394904685957313,0.11840196609497071,476.0,24.0,36.0,464.0,0.5652173913043478,0.4166666666666667,0.65,0.3333333333333333,0.5652173913043478,0.4166666666666667,0.6046511627906976,0.3703703703703704,0.4909420289855072,0.48751076658053405,0.9511826634407043,13.0,10.0,7.0,5.0
95,0.9392156862745094,0.9254901960784313,0.9347814494873314,0.943181818181818,0.9392156862745094,0.9254901960784313,0.9335432992048951,0.9302426227394353,0.9323529411764704,0.9318929609721651,0.13163260852589326,479.0,31.0,38.0,472.0,0.5652173913043478,0.4166666666666667,0.65,0.3333333333333333,0.5652173913043478,0.4166666666666667,0.6046511627906976,0.3703703703703704,0.4909420289855072,0.48751076658053405,0.9419501423835754,13.0,10.0,7.0,5.0
96,0.9499999999999997,0.9219999999999996,0.932831390831391,0.9557296037296038,0.9499999999999997,0.9219999999999996,0.9368401248024343,0.9338050318386832,0.9359999999999997,0.9353225783205588,0.11851727485656738,475.0,25.0,39.0,461.0,0.6086956521739131,0.4166666666666667,0.6666666666666666,0.35714285714285715,0.6086956521739131,0.4166666666666667,0.6363636363636365,0.3846153846153846,0.5126811594202899,0.5104895104895105,0.9379518628120422,14.0,9.0,7.0,5.0
